content/audio/env_arctic,7371c64d957e5c74,64a1d63e15f3e423
content/audio/env_bots,9e430d763af434c1,
content/audio/env_bugs,6fa8fb795e82246d,
content/audio/env_forest,6ce0ce00d6ff8daf,
content/audio/env_illuminate,046d4441a6dae0a9,
content/audio/env_moor,c52f39b27c640e1e,8c499ae85be2ae65
content/audio/env_primordial,8c499ae85be2ae65,ce70d931bcb19030
content/audio/env_sandy,324e128327ac29ab,3b2c86dd5b316eb2
content/audio/env_shared,715dcc69bf13acb0,
content/audio/env_ship,fc5b6bff0db90aab,
content/audio/env_swamp,882b9b3da32ea8c3,
content/audio/env_teleporter,324e128327ac29ab,fc5b6bff0db90aab